"","tweet_num","total_n_funcs","recognitions","screen_name","status_url","created_at","communication","data cleaning","evaluation","exploratory","export","import","modeling","setup","visualization"
"1",1,97,12,"_abichat","https://twitter.com/_abichat/status/1116724924255801345",2019-04-12 15:29:04,1,41,1,6,3,2,1,3,39
"2",2,22,1,"_abichat","https://twitter.com/_abichat/status/1145986752441663488",2019-07-02 09:25:07,0,7,0,1,2,1,0,2,9
"3",1,29,38,"_andrewgeisler","https://twitter.com/_andrewgeisler/status/1133057692745031681",2019-05-27 17:09:39,0,15,0,0,0,2,0,1,11
"4",1,63,1,"_raghuc","https://twitter.com/_raghuc/status/1001857691692740609",2018-05-30 16:07:41,1,39,1,4,1,5,0,6,6
"5",1,28,16,"alangel12407606","https://twitter.com/alangel12407606/status/1150146354817187840",2019-07-13 20:53:54,0,11,0,0,0,1,0,1,15
"6",1,29,21,"AllenRyan91","https://twitter.com/AllenRyan91/status/1115816097238802432",2019-04-10 03:17:43,0,11,0,2,0,2,3,1,10
"7",1,63,30,"allison_horst","https://twitter.com/allison_horst/status/1115284632621051904",2019-04-08 16:05:52,1,39,1,4,1,5,0,6,6
"8",2,30,124,"allison_horst","https://twitter.com/allison_horst/status/1116014995697831942",2019-04-10 16:28:04,0,12,0,2,1,2,0,1,12
"9",3,33,103,"allison_horst","https://twitter.com/allison_horst/status/1120887764596088833",2019-04-24 03:10:42,0,10,1,1,2,2,0,1,16
"10",4,45,19,"allison_horst","https://twitter.com/allison_horst/status/1123341312445403137",2019-04-30 21:40:14,0,28,2,4,0,2,1,5,3
"11",5,70,19,"allison_horst","https://twitter.com/allison_horst/status/1123341312445403137",2019-04-30 21:40:14,2,39,1,3,2,1,2,7,13
"12",6,22,19,"allison_horst","https://twitter.com/allison_horst/status/1123341312445403137",2019-04-30 21:40:14,0,8,0,0,1,2,0,3,8
"13",7,200,74,"allison_horst","https://twitter.com/allison_horst/status/1125958293044678657",2019-05-08 02:59:11,8,105,5,11,3,14,8,26,20
"14",8,16,74,"allison_horst","https://twitter.com/allison_horst/status/1125958293044678657",2019-05-08 02:59:11,0,6,0,0,1,2,0,1,6
"15",9,16,49,"allison_horst","https://twitter.com/allison_horst/status/1131050758416134145",2019-05-22 04:14:49,0,5,0,0,1,2,0,1,7
"16",10,55,97,"allison_horst","https://twitter.com/allison_horst/status/1133767994360778754",2019-05-29 16:12:08,0,16,0,1,2,2,0,2,32
"17",11,106,371,"allison_horst","https://twitter.com/allison_horst/status/1136091568903901185",2019-06-05 02:05:12,1,53,3,7,1,2,1,7,31
"18",12,18,371,"allison_horst","https://twitter.com/allison_horst/status/1136091568903901185",2019-06-05 02:05:12,0,10,0,1,0,2,0,3,2
"19",13,55,371,"allison_horst","https://twitter.com/allison_horst/status/1136091568903901185",2019-06-05 02:05:12,0,16,0,1,2,2,0,2,32
"20",1,63,6,"AmirSariaslan","https://twitter.com/AmirSariaslan/status/1121093319877120000",2019-04-24 16:47:31,1,39,1,4,1,5,0,6,6
"21",1,110,10,"AndrewRenninger","https://twitter.com/AndrewRenninger/status/1156158904902066176",2019-07-30 11:05:37,0,48,3,6,1,4,3,7,38
"22",2,121,15,"AndrewRenninger","https://twitter.com/AndrewRenninger/status/1161383984791556096",2019-08-13 21:08:14,1,57,4,7,2,2,1,6,41
"23",1,26,24,"APonsero","https://twitter.com/APonsero/status/1146938982258753536",2019-07-05 00:28:57,0,9,0,1,1,2,0,1,12
"24",2,17,22,"APonsero","https://twitter.com/APonsero/status/1152645307017990144",2019-07-20 18:23:50,0,3,0,0,0,2,0,1,11
"25",3,22,10,"APonsero","https://twitter.com/APonsero/status/1157460582347313152",2019-08-03 01:18:02,0,8,0,0,0,2,0,1,11
"26",1,28,5,"barbaravreede","https://twitter.com/barbaravreede/status/1161609208019783680",2019-08-14 12:03:11,0,11,0,1,0,1,0,3,12
"27",1,23,8,"becksborg","https://twitter.com/becksborg/status/1085572693984989189",2019-01-16 16:21:13,0,10,0,1,0,1,0,1,10
"28",1,25,43,"BenMoretti","https://twitter.com/BenMoretti/status/1097990602061275137",2019-02-19 22:45:33,0,11,1,1,0,1,0,1,10
"29",2,15,65,"BenMoretti","https://twitter.com/BenMoretti/status/1100378930865827840",2019-02-26 12:55:55,1,3,0,0,2,2,0,1,6
"30",3,19,14,"BenMoretti","https://twitter.com/BenMoretti/status/1105435374002700289",2019-03-12 11:48:25,0,6,1,2,1,1,0,1,7
"31",4,20,15,"BenMoretti","https://twitter.com/BenMoretti/status/1110472958240157696",2019-03-26 09:25:59,0,7,0,1,1,2,0,1,8
"32",1,116,2,"BPDranka","https://twitter.com/BPDranka/status/1131296676302471169",2019-05-22 20:32:00,3,65,4,9,1,4,8,8,14
"33",1,34,40,"BryceVMurphy","https://twitter.com/BryceVMurphy/status/988888066868723713",2018-04-24 21:11:02,0,16,0,3,0,2,0,2,11
"34",1,63,4,"chendaniely","https://twitter.com/chendaniely/status/1114941883132858368",2019-04-07 17:23:54,1,39,1,4,1,5,0,6,6
"35",1,19,33,"cherrysearch","https://twitter.com/cherrysearch/status/1037714406476533760",2018-09-06 14:49:28,0,5,0,0,0,0,0,2,12
"36",2,35,13,"cherrysearch","https://twitter.com/cherrysearch/status/1135486431428849664",2019-06-03 10:00:36,0,10,0,4,1,2,2,1,15
"37",1,13,23,"Christi58451746","https://twitter.com/Christi58451746/status/1130939459090944000",2019-05-21 20:52:33,0,4,0,0,0,2,0,2,5
"38",2,26,105,"Christi58451746","https://twitter.com/Christi58451746/status/1132014318747361280",2019-05-24 20:03:40,0,7,0,0,0,2,0,1,16
"39",3,25,25,"Christi58451746","https://twitter.com/Christi58451746/status/1136002349766520832",2019-06-04 20:10:40,0,6,0,0,0,2,2,2,13
"40",4,18,65,"Christi58451746","https://twitter.com/Christi58451746/status/1138523788449107973",2019-06-11 19:09:58,0,2,0,0,1,2,0,1,12
"41",5,25,55,"Christi58451746","https://twitter.com/Christi58451746/status/1141812403325288459",2019-06-20 20:57:45,0,8,0,1,0,2,0,1,13
"42",6,20,13,"Christi58451746","https://twitter.com/Christi58451746/status/1150437931112439808",2019-07-14 16:12:31,0,7,0,1,1,2,0,1,8
"43",1,16,18,"ChuliangXiao","https://twitter.com/ChuliangXiao/status/991793276876460034",2018-05-02 21:35:18,0,11,0,0,1,1,0,3,0
"44",1,15,18,"cleris_mr","https://twitter.com/cleris_mr/status/1138407944612175872",2019-06-11 11:29:39,0,2,0,0,1,2,0,2,8
"45",2,31,40,"cleris_mr","https://twitter.com/cleris_mr/status/1144331708596137984",2019-06-27 19:48:34,0,12,0,2,0,2,0,4,11
"46",3,31,25,"cleris_mr","https://twitter.com/cleris_mr/status/1146903695478657024",2019-07-04 22:08:44,0,12,0,2,0,2,0,4,11
"47",1,26,36,"cole_brookson","https://twitter.com/cole_brookson/status/1135990659536412673",2019-06-04 19:24:13,0,13,1,1,0,2,0,1,8
"48",1,15,74,"Cristobal_Montt","https://twitter.com/Cristobal_Montt/status/1138187182559170560",2019-06-10 20:52:25,0,4,0,0,0,2,0,2,7
"49",2,34,19,"Cristobal_Montt","https://twitter.com/Cristobal_Montt/status/1140984455512887296",2019-06-18 14:07:47,1,13,0,2,1,2,0,5,10
"50",3,18,13,"Cristobal_Montt","https://twitter.com/Cristobal_Montt/status/1146082303480909824",2019-07-02 15:44:48,0,4,0,1,2,2,0,3,6
"51",4,24,9,"Cristobal_Montt","https://twitter.com/Cristobal_Montt/status/1150742528011984896",2019-07-15 12:22:53,0,17,0,0,1,0,0,3,3
"52",5,7,20,"Cristobal_Montt","https://twitter.com/Cristobal_Montt/status/1151099436107522048",2019-07-16 12:01:06,0,4,0,0,0,2,0,1,0
"53",6,35,37,"Cristobal_Montt","https://twitter.com/Cristobal_Montt/status/1161758602580963328",2019-08-14 21:56:49,0,6,0,0,2,3,0,3,21
"54",1,27,39,"cs_teitelbaum","https://twitter.com/cs_teitelbaum/status/988906922433794048",2018-04-24 22:25:57,0,10,1,2,0,1,1,1,11
"55",2,22,16,"cs_teitelbaum","https://twitter.com/cs_teitelbaum/status/991441913831190529",2018-05-01 22:19:07,0,6,0,1,0,1,0,1,13
"56",3,22,7,"cs_teitelbaum","https://twitter.com/cs_teitelbaum/status/997471250548129792",2018-05-18 13:37:32,0,10,0,0,0,1,0,1,10
"57",4,29,16,"cs_teitelbaum","https://twitter.com/cs_teitelbaum/status/1004737636555161600",2018-06-07 14:51:34,0,13,0,1,0,1,0,2,12
"58",1,11,11,"daranzolin","https://twitter.com/daranzolin/status/993716383648137216",2018-05-08 04:57:02,0,7,1,0,1,1,0,1,0
"59",1,64,21,"data_fiend","https://twitter.com/data_fiend/status/1155954817900019714",2019-07-29 21:34:39,5,28,1,0,1,3,0,8,18
"60",2,64,19,"data_fiend","https://twitter.com/data_fiend/status/1157013118637281280",2019-08-01 19:39:58,5,28,1,0,1,3,0,8,18
"61",3,64,2,"data_fiend","https://twitter.com/data_fiend/status/1163081991530668032",2019-08-18 13:35:30,5,28,1,0,1,3,0,8,18
"62",1,136,32,"datujn","https://twitter.com/datujn/status/1049686388965330944",2018-10-09 15:41:52,6,52,3,7,4,8,1,23,32
"63",1,6,9,"DaveBloom11","https://twitter.com/DaveBloom11/status/994097132868120576",2018-05-09 06:10:00,1,3,0,0,0,0,0,2,0
"64",1,35,21,"david_carayon","https://twitter.com/david_carayon/status/1138745636910555136",2019-06-12 09:51:31,0,9,0,3,2,3,0,1,17
"65",2,40,36,"david_carayon","https://twitter.com/david_carayon/status/1140913693686992896",2019-06-18 09:26:36,1,18,0,0,1,3,1,2,14
"66",3,38,64,"david_carayon","https://twitter.com/david_carayon/status/1146051188518989825",2019-07-02 13:41:10,1,15,1,1,2,3,0,1,14
"67",4,47,38,"david_carayon","https://twitter.com/david_carayon/status/1156181233275211781",2019-07-30 12:34:21,0,22,1,0,2,1,0,1,20
"68",5,40,23,"david_carayon","https://twitter.com/david_carayon/status/1158705416550998018",2019-08-06 11:44:33,0,14,1,2,1,3,0,1,18
"69",1,26,129,"DewiKoning","https://twitter.com/DewiKoning/status/1131986371676200960",2019-05-24 18:12:36,1,12,0,0,1,3,0,2,7
"70",1,16,16,"DouglasZickuhr","https://twitter.com/DouglasZickuhr/status/1019934140186218496",2018-07-19 13:17:03,0,4,0,1,1,1,0,1,8
"71",1,15,16,"DrAmandaRP","https://twitter.com/DrAmandaRP/status/1128853403516514304",2019-05-16 02:43:19,0,11,0,0,0,2,1,1,0
"72",2,20,44,"DrAmandaRP","https://twitter.com/DrAmandaRP/status/1130809587756601344",2019-05-21 12:16:29,0,6,0,1,0,2,0,1,10
"73",3,28,15,"DrAmandaRP","https://twitter.com/DrAmandaRP/status/1133594116577738753",2019-05-29 04:41:13,0,15,0,0,1,2,0,1,9
"74",4,18,11,"DrAmandaRP","https://twitter.com/DrAmandaRP/status/1138649631200616449",2019-06-12 03:30:01,0,5,0,1,0,2,0,1,9
"75",5,16,12,"DrAmandaRP","https://twitter.com/DrAmandaRP/status/1143674419015012352",2019-06-26 00:16:44,0,7,0,2,0,2,0,1,4
"76",6,27,17,"DrAmandaRP","https://twitter.com/DrAmandaRP/status/1150976573421555717",2019-07-16 03:52:53,0,9,0,1,1,2,0,1,13
"77",1,25,32,"drtimschoof","https://twitter.com/drtimschoof/status/982926117228154881",2018-04-08 10:20:22,0,7,0,0,1,2,0,2,13
"78",2,22,20,"drtimschoof","https://twitter.com/drtimschoof/status/983477414742384641",2018-04-09 22:51:02,0,6,0,0,1,2,0,2,11
"79",3,23,16,"drtimschoof","https://twitter.com/drtimschoof/status/987450764485328902",2018-04-20 21:59:42,0,11,0,0,1,1,0,2,8
"80",4,63,0,"drtimschoof","https://twitter.com/drtimschoof/status/989030252235157509",2018-04-25 06:36:02,1,39,1,4,1,5,0,6,6
"81",1,34,51,"dylanjm_ds","https://twitter.com/dylanjm_ds/status/1082466170274439168",2019-01-08 02:37:00,0,10,1,1,0,1,0,2,19
"82",2,44,21,"dylanjm_ds","https://twitter.com/dylanjm_ds/status/1085195587694149636",2019-01-15 15:22:44,0,12,0,2,2,1,0,3,24
"83",3,30,17,"dylanjm_ds","https://twitter.com/dylanjm_ds/status/1089718158875750406",2019-01-28 02:53:49,0,10,1,0,1,1,0,2,15
"84",1,25,14,"EdudinGonzalo","https://twitter.com/EdudinGonzalo/status/1100553137696530432",2019-02-27 00:28:09,0,9,0,1,2,1,0,1,11
"85",2,21,13,"EdudinGonzalo","https://twitter.com/EdudinGonzalo/status/1103026861163065345",2019-03-05 20:17:51,0,5,0,1,1,2,0,1,11
"86",1,25,23,"Eeysirhc","https://twitter.com/Eeysirhc/status/1093007752891314177",2019-02-06 04:45:30,2,9,0,0,0,1,0,3,10
"87",1,17,7,"ellis_hughes","https://twitter.com/ellis_hughes/status/1004223871287869440",2018-06-06 04:50:03,0,9,0,2,0,1,3,2,0
"88",2,68,35,"ellis_hughes","https://twitter.com/ellis_hughes/status/1095199344272109568",2019-02-12 05:54:06,4,35,3,4,1,8,1,10,2
"89",3,68,21,"ellis_hughes","https://twitter.com/ellis_hughes/status/1098077952229560321",2019-02-20 04:32:39,4,35,3,4,1,8,1,10,2
"90",4,68,17,"ellis_hughes","https://twitter.com/ellis_hughes/status/1101379476888346625",2019-03-01 07:11:44,4,35,3,4,1,8,1,10,2
"91",5,68,4,"ellis_hughes","https://twitter.com/ellis_hughes/status/1149047504190627840",2019-07-10 20:07:27,4,35,3,4,1,8,1,10,2
"92",1,28,39,"EmilyHHo","https://twitter.com/EmilyHHo/status/1113180477676978177",2019-04-02 20:44:42,0,12,0,3,0,2,0,2,9
"93",1,20,26,"estaBienCabrera","https://twitter.com/estaBienCabrera/status/1133741520580833280",2019-05-29 14:26:57,0,15,0,1,0,2,1,1,0
"94",2,16,12,"estaBienCabrera","https://twitter.com/estaBienCabrera/status/1138855627206217728",2019-06-12 17:08:35,0,3,0,0,0,2,0,2,9
"95",1,19,10,"ethantenison","https://twitter.com/ethantenison/status/1146007737584762881",2019-07-02 10:48:31,0,4,0,0,1,2,0,2,10
"96",2,19,11,"ethantenison","https://twitter.com/ethantenison/status/1150393625492242432",2019-07-14 13:16:28,0,4,0,0,1,2,0,2,10
"97",1,37,28,"florencevdubois","https://twitter.com/florencevdubois/status/1111448274852995078",2019-03-29 02:01:33,0,15,0,3,2,3,1,2,11
"98",2,37,25,"florencevdubois","https://twitter.com/florencevdubois/status/1141535247965839360",2019-06-20 02:36:26,0,15,0,3,2,3,1,2,11
"99",1,26,20,"FrankFarach","https://twitter.com/FrankFarach/status/983941913022640128",2018-04-11 05:36:47,0,8,0,0,1,1,0,1,15
"100",2,22,32,"FrankFarach","https://twitter.com/FrankFarach/status/987340682099478528",2018-04-20 14:42:17,0,10,0,0,0,2,0,1,9
"101",3,26,42,"FrankFarach","https://twitter.com/FrankFarach/status/989040385682038787",2018-04-25 07:16:18,0,9,0,1,1,2,0,1,12
"102",1,83,37,"frau_dr_barber","https://twitter.com/frau_dr_barber/status/1130167116164927488",2019-05-19 17:43:32,0,31,1,2,3,2,1,5,38
"103",1,19,14,"FreyGeospatial","https://twitter.com/FreyGeospatial/status/1093573983679713280",2019-02-07 18:15:29,0,10,0,0,0,2,0,2,5
"104",2,14,12,"FreyGeospatial","https://twitter.com/FreyGeospatial/status/1098421984231346177",2019-02-21 03:19:43,0,2,0,0,0,2,0,1,9
"105",1,19,10,"geokaramanis","https://twitter.com/geokaramanis/status/1126575211946622989",2019-05-09 19:50:35,0,2,0,0,1,2,0,1,13
"106",2,47,75,"geokaramanis","https://twitter.com/geokaramanis/status/1128391346597847040",2019-05-14 20:07:16,0,22,1,0,1,2,0,1,20
"107",3,47,29,"geokaramanis","https://twitter.com/geokaramanis/status/1129126617626873869",2019-05-16 20:48:58,0,22,1,0,1,2,0,1,20
"108",4,47,21,"geokaramanis","https://twitter.com/geokaramanis/status/1130111490403573763",2019-05-19 14:02:30,0,22,1,0,1,2,0,1,20
"109",5,28,78,"geokaramanis","https://twitter.com/geokaramanis/status/1131761162599714817",2019-05-24 03:17:42,0,7,0,1,1,2,1,1,15
"110",6,40,54,"geokaramanis","https://twitter.com/geokaramanis/status/1134923245466075136",2019-06-01 20:42:42,1,19,0,3,1,2,1,1,12
"111",7,19,95,"geokaramanis","https://twitter.com/geokaramanis/status/1136326761933955072",2019-06-05 17:39:46,0,6,0,0,1,2,0,2,8
"112",8,41,36,"geokaramanis","https://twitter.com/geokaramanis/status/1139522311764303872",2019-06-14 13:17:45,0,18,0,2,1,2,0,2,16
"113",9,22,18,"geokaramanis","https://twitter.com/geokaramanis/status/1141437200426504192",2019-06-19 20:06:50,0,4,0,0,1,2,0,2,13
"114",10,39,51,"geokaramanis","https://twitter.com/geokaramanis/status/1143610959539462147",2019-06-25 20:04:34,0,15,0,1,1,2,0,2,18
"115",11,39,34,"geokaramanis","https://twitter.com/geokaramanis/status/1144689821455134721",2019-06-28 19:31:35,0,15,0,1,1,2,0,2,18
"116",12,46,52,"geokaramanis","https://twitter.com/geokaramanis/status/1146171282960109568",2019-07-02 21:38:23,1,15,0,1,1,2,1,3,22
"117",13,46,42,"geokaramanis","https://twitter.com/geokaramanis/status/1147240496550621186",2019-07-05 20:27:03,1,15,0,1,1,2,1,3,22
"118",14,38,43,"geokaramanis","https://twitter.com/geokaramanis/status/1149383557477015555",2019-07-11 18:22:49,1,13,0,0,1,3,1,2,17
"119",15,24,24,"geokaramanis","https://twitter.com/geokaramanis/status/1151818094362406912",2019-07-18 11:36:48,0,7,0,0,1,3,0,2,11
"120",16,19,59,"geokaramanis","https://twitter.com/geokaramanis/status/1155699930968858624",2019-07-29 04:41:50,1,2,0,0,1,2,0,2,11
"121",17,29,17,"geokaramanis","https://twitter.com/geokaramanis/status/1157286925352521730",2019-08-02 13:47:59,1,10,0,0,1,3,0,2,12
"122",18,43,79,"geokaramanis","https://twitter.com/geokaramanis/status/1159752908604239873",2019-08-09 09:06:55,4,18,2,0,1,3,1,4,10
"123",19,35,147,"geokaramanis","https://twitter.com/geokaramanis/status/1162035459884589057",2019-08-15 16:16:57,2,12,0,0,1,3,1,2,14
"124",1,18,14,"guacamolebio","https://twitter.com/guacamolebio/status/1011860662509658112",2018-06-27 06:35:56,0,5,0,0,1,1,0,6,5
"125",1,56,2,"H0Vinicius","https://twitter.com/H0Vinicius/status/983420237948342278",2018-04-09 19:03:50,1,17,0,4,0,2,0,4,28
"126",1,24,19,"HameleersN","https://twitter.com/HameleersN/status/1133460445761818625",2019-05-28 19:50:03,1,19,0,0,0,2,0,1,1
"127",1,107,15,"harrocyranka","https://twitter.com/harrocyranka/status/1029112726466048000",2018-08-13 21:09:28,2,55,3,4,2,4,4,6,27
"128",2,75,19,"harrocyranka","https://twitter.com/harrocyranka/status/1031950062358851584",2018-08-21 17:04:02,0,34,2,5,0,4,3,7,20
"129",3,25,34,"harrocyranka","https://twitter.com/harrocyranka/status/1092771762163646464",2019-02-05 13:07:45,0,10,0,1,0,1,0,4,9
"130",1,38,4,"healthstatsdude","https://twitter.com/healthstatsdude/status/1100966303647522816",2019-02-28 03:49:56,0,17,1,0,0,4,0,2,14
"131",2,38,3,"healthstatsdude","https://twitter.com/healthstatsdude/status/1100985498598727681",2019-02-28 05:06:12,0,17,1,0,0,4,0,2,14
"132",3,38,4,"healthstatsdude","https://twitter.com/healthstatsdude/status/1101205724342804480",2019-02-28 19:41:18,0,17,1,0,0,4,0,2,14
"133",1,33,1,"HMetcalfe1","https://twitter.com/HMetcalfe1/status/1090217340111855616",2019-01-29 11:57:23,0,18,0,0,1,1,0,4,9
"134",1,26,23,"ivelasq3","https://twitter.com/ivelasq3/status/993875080609345537",2018-05-08 15:27:39,0,9,0,0,1,2,0,2,12
"135",1,211,41,"jakekaupp","https://twitter.com/jakekaupp/status/981265942226309121",2018-04-03 20:23:26,5,95,5,6,6,7,7,14,66
"136",2,211,16,"jakekaupp","https://twitter.com/jakekaupp/status/983525733858467840",2018-04-10 02:03:02,5,95,5,6,6,7,7,14,66
"137",3,211,14,"jakekaupp","https://twitter.com/jakekaupp/status/986702200603840512",2018-04-18 20:25:11,5,95,5,6,6,7,7,14,66
"138",4,211,10,"jakekaupp","https://twitter.com/jakekaupp/status/996032676812374016",2018-05-14 14:21:10,5,95,5,6,6,7,7,14,66
"139",5,211,10,"jakekaupp","https://twitter.com/jakekaupp/status/997572245261307905",2018-05-18 20:18:51,5,95,5,6,6,7,7,14,66
"140",6,211,8,"jakekaupp","https://twitter.com/jakekaupp/status/1008329790644981761",2018-06-17 12:45:30,5,95,5,6,6,7,7,14,66
"141",7,211,14,"jakekaupp","https://twitter.com/jakekaupp/status/1009072751708196866",2018-06-19 13:57:46,5,95,5,6,6,7,7,14,66
"142",8,211,24,"jakekaupp","https://twitter.com/jakekaupp/status/1085372365062787073",2019-01-16 03:05:11,5,95,5,6,6,7,7,14,66
"143",9,211,22,"jakekaupp","https://twitter.com/jakekaupp/status/1088447419778588672",2019-01-24 14:44:21,5,95,5,6,6,7,7,14,66
"144",10,211,22,"jakekaupp","https://twitter.com/jakekaupp/status/1096233002751922177",2019-02-15 02:21:29,5,95,5,6,6,7,7,14,66
"145",11,211,15,"jakekaupp","https://twitter.com/jakekaupp/status/1098417444455174144",2019-02-21 03:01:41,5,95,5,6,6,7,7,14,66
"146",12,211,39,"jakekaupp","https://twitter.com/jakekaupp/status/1103132855356608512",2019-03-06 03:19:02,5,95,5,6,6,7,7,14,66
"147",13,211,9,"jakekaupp","https://twitter.com/jakekaupp/status/1110599214566907905",2019-03-26 17:47:41,5,95,5,6,6,7,7,14,66
"148",14,211,47,"jakekaupp","https://twitter.com/jakekaupp/status/1113859250885996546",2019-04-04 17:41:54,5,95,5,6,6,7,7,14,66
"149",15,211,13,"jakekaupp","https://twitter.com/jakekaupp/status/1118330818768797696",2019-04-17 01:50:19,5,95,5,6,6,7,7,14,66
"150",16,211,29,"jakekaupp","https://twitter.com/jakekaupp/status/1121454186019926018",2019-04-25 16:41:28,5,95,5,6,6,7,7,14,66
"151",17,211,245,"jakekaupp","https://twitter.com/jakekaupp/status/1123688940530274305",2019-05-01 20:41:35,5,95,5,6,6,7,7,14,66
"152",18,211,34,"jakekaupp","https://twitter.com/jakekaupp/status/1126226854984257536",2019-05-08 20:46:21,5,95,5,6,6,7,7,14,66
"153",19,211,21,"jakekaupp","https://twitter.com/jakekaupp/status/1129202271789748234",2019-05-17 01:49:35,5,95,5,6,6,7,7,14,66
"154",20,211,14,"jakekaupp","https://twitter.com/jakekaupp/status/1131296911598735361",2019-05-22 20:32:56,5,95,5,6,6,7,7,14,66
"155",21,211,10,"jakekaupp","https://twitter.com/jakekaupp/status/1131579298677166080",2019-05-23 15:15:03,5,95,5,6,6,7,7,14,66
"156",22,211,35,"jakekaupp","https://twitter.com/jakekaupp/status/1133833304271200257",2019-05-29 20:31:39,5,95,5,6,6,7,7,14,66
"157",23,211,54,"jakekaupp","https://twitter.com/jakekaupp/status/1136979405589438464",2019-06-07 12:53:09,5,95,5,6,6,7,7,14,66
"158",24,211,24,"jakekaupp","https://twitter.com/jakekaupp/status/1138861812978520064",2019-06-12 17:33:09,5,95,5,6,6,7,7,14,66
"159",25,211,45,"jakekaupp","https://twitter.com/jakekaupp/status/1140944522349858817",2019-06-18 11:29:06,5,95,5,6,6,7,7,14,66
"160",26,211,109,"jakekaupp","https://twitter.com/jakekaupp/status/1144063378543038465",2019-06-27 02:02:19,5,95,5,6,6,7,7,14,66
"161",27,211,47,"jakekaupp","https://twitter.com/jakekaupp/status/1150763675348848647",2019-07-15 13:46:55,5,95,5,6,6,7,7,14,66
"162",28,211,67,"jakekaupp","https://twitter.com/jakekaupp/status/1151915429109149696",2019-07-18 18:03:34,5,95,5,6,6,7,7,14,66
"163",29,211,232,"jakekaupp","https://twitter.com/jakekaupp/status/1154112312472670210",2019-07-24 19:33:12,5,95,5,6,6,7,7,14,66
"164",30,211,41,"jakekaupp","https://twitter.com/jakekaupp/status/1154790392010854403",2019-07-26 16:27:39,5,95,5,6,6,7,7,14,66
"165",31,211,21,"jakekaupp","https://twitter.com/jakekaupp/status/1160966530538061824",2019-08-12 17:29:25,5,95,5,6,6,7,7,14,66
"166",32,211,95,"jakekaupp","https://twitter.com/jakekaupp/status/1161656332686102529",2019-08-14 15:10:26,5,95,5,6,6,7,7,14,66
"167",1,30,42,"JCMassante","https://twitter.com/JCMassante/status/1133488290617798657",2019-05-28 21:40:42,0,11,0,1,0,3,1,2,12
"168",1,36,11,"JCollinsData","https://twitter.com/JCollinsData/status/1161747729686642689",2019-08-14 21:13:37,0,7,0,2,1,3,0,4,19
"169",1,25,8,"jmcastagnetto","https://twitter.com/jmcastagnetto/status/1143836283170484224",2019-06-26 10:59:56,0,14,0,2,1,5,0,2,1
"170",2,29,10,"jmcastagnetto","https://twitter.com/jmcastagnetto/status/1146481680477241346",2019-07-03 18:11:47,0,8,0,1,3,2,0,2,13
"171",3,30,10,"jmcastagnetto","https://twitter.com/jmcastagnetto/status/1153879129365680128",2019-07-24 04:06:37,0,12,0,0,2,3,0,4,9
"172",4,59,13,"jmcastagnetto","https://twitter.com/jmcastagnetto/status/1158497462916698113",2019-08-05 21:58:13,0,31,1,1,1,2,0,3,20
"173",5,32,20,"jmcastagnetto","https://twitter.com/jmcastagnetto/status/1162463915835633664",2019-08-16 20:39:29,0,16,0,2,1,4,1,3,5
"174",1,34,7,"jmstone27","https://twitter.com/jmstone27/status/1115613432517222400",2019-04-09 13:52:24,0,21,1,1,1,3,0,4,3
"175",2,19,21,"jmstone27","https://twitter.com/jmstone27/status/1118120940863463424",2019-04-16 11:56:20,0,2,0,1,0,2,0,2,12
"176",1,78,20,"Johansen_PhD","https://twitter.com/Johansen_PhD/status/1052666602154541056",2018-10-17 21:04:10,1,36,1,7,1,2,0,5,25
"177",2,78,19,"Johansen_PhD","https://twitter.com/Johansen_PhD/status/1059829569170104320",2018-11-06 15:27:14,1,36,1,7,1,2,0,5,25
"178",3,78,9,"Johansen_PhD","https://twitter.com/Johansen_PhD/status/1072941886518820864",2018-12-12 19:50:54,1,36,1,7,1,2,0,5,25
"179",4,78,14,"Johansen_PhD","https://twitter.com/Johansen_PhD/status/1075044280081768448",2018-12-18 15:05:04,1,36,1,7,1,2,0,5,25
"180",5,78,15,"Johansen_PhD","https://twitter.com/Johansen_PhD/status/1140954725791100928",2019-06-18 12:09:39,1,36,1,7,1,2,0,5,25
"181",1,25,22,"jonathon_mifsud","https://twitter.com/jonathon_mifsud/status/1151082281664053248",2019-07-16 10:52:56,0,8,0,2,2,2,0,1,10
"182",2,44,21,"jonathon_mifsud","https://twitter.com/jonathon_mifsud/status/1154031479476772864",2019-07-24 14:12:00,0,25,1,1,1,4,0,1,11
"183",3,25,19,"jonathon_mifsud","https://twitter.com/jonathon_mifsud/status/1159457986756128769",2019-08-08 13:35:00,0,10,1,1,1,2,0,1,9
"184",4,47,16,"jonathon_mifsud","https://twitter.com/jonathon_mifsud/status/1162348281076178944",2019-08-16 13:00:00,0,20,0,2,1,2,1,2,19
"185",1,18,10,"Joseph_Mike","https://twitter.com/Joseph_Mike/status/1101327767172513793",2019-03-01 03:46:16,0,6,0,1,0,2,0,1,8
"186",2,20,12,"Joseph_Mike","https://twitter.com/Joseph_Mike/status/1103134776398151680",2019-03-06 03:26:40,0,5,0,1,0,2,0,1,11
"187",3,19,7,"Joseph_Mike","https://twitter.com/Joseph_Mike/status/1106378436740812800",2019-03-15 02:15:49,0,2,0,1,0,2,0,2,12
"188",4,28,20,"Joseph_Mike","https://twitter.com/Joseph_Mike/status/1108187729454661633",2019-03-20 02:05:18,0,8,0,2,0,2,0,2,14
"189",5,21,10,"Joseph_Mike","https://twitter.com/Joseph_Mike/status/1111994565093933056",2019-03-30 14:12:18,0,6,0,2,0,2,0,2,9
"190",6,15,23,"Joseph_Mike","https://twitter.com/Joseph_Mike/status/1120114997470699521",2019-04-22 00:00:00,0,0,0,0,0,2,0,1,12
"191",1,96,14,"jspairani","https://twitter.com/jspairani/status/1094611127655432192",2019-02-10 14:56:44,2,54,3,6,1,2,6,7,15
"192",2,15,23,"jspairani","https://twitter.com/jspairani/status/1102306439165546496",2019-03-03 20:35:09,0,8,0,1,0,2,0,3,1
"193",1,90,5,"Juanma_MN","https://twitter.com/Juanma_MN/status/1117898299523125252",2019-04-15 21:11:38,1,40,0,6,1,3,0,2,37
"194",2,90,0,"Juanma_MN","https://twitter.com/Juanma_MN/status/1122964493145866242",2019-04-29 20:42:53,1,40,0,6,1,3,0,2,37
"195",1,21,45,"JustTheSpring","https://twitter.com/JustTheSpring/status/1138212307970822144",2019-06-10 22:32:15,0,4,0,0,1,2,1,2,11
"196",1,58,23,"KathCachel","https://twitter.com/KathCachel/status/1118287075349073920",2019-04-16 22:56:30,0,25,0,5,2,2,0,5,19
"197",2,18,15,"KathCachel","https://twitter.com/KathCachel/status/1154192305760428033",2019-07-25 00:51:04,0,5,0,0,1,2,0,1,9
"198",1,7,7,"KendallaSmith_","https://twitter.com/KendallaSmith_/status/1103007512880660480",2019-03-05 19:00:58,0,0,0,0,0,2,0,1,4
"199",2,8,8,"KendallaSmith_","https://twitter.com/KendallaSmith_/status/1105633763256688642",2019-03-13 00:56:45,0,1,0,0,0,2,0,1,4
"200",1,63,18,"kierisi","https://twitter.com/kierisi/status/1001126367944208389",2018-05-28 15:41:40,1,39,1,4,1,5,0,6,6
"201",1,20,6,"kigtembu","https://twitter.com/kigtembu/status/1016417614346809344",2018-07-09 20:23:38,0,7,0,1,0,1,0,1,10
"202",2,24,16,"kigtembu","https://twitter.com/kigtembu/status/1019256992379088896",2018-07-17 16:26:18,0,10,0,0,0,1,0,1,12
"203",3,26,15,"kigtembu","https://twitter.com/kigtembu/status/1024352286313771009",2018-07-31 17:53:11,0,14,0,1,1,1,0,1,8
"204",4,21,17,"kigtembu","https://twitter.com/kigtembu/status/1026912793121959936",2018-08-07 19:27:43,0,11,0,0,1,1,0,1,7
"205",5,21,16,"kigtembu","https://twitter.com/kigtembu/status/1029423433053102080",2018-08-14 17:44:06,0,6,0,1,0,1,0,1,12
"206",6,20,15,"kigtembu","https://twitter.com/kigtembu/status/1031982825812180994",2018-08-21 19:14:13,0,11,0,2,0,1,0,1,5
"207",7,18,11,"kigtembu","https://twitter.com/kigtembu/status/1037068664862846976",2018-09-04 20:03:32,0,6,0,1,1,1,0,1,8
"208",8,10,19,"kigtembu","https://twitter.com/kigtembu/status/1039248718212546561",2018-09-10 20:26:17,0,6,0,0,0,1,0,3,0
"209",9,11,5,"kigtembu","https://twitter.com/kigtembu/status/1041771542458392576",2018-09-17 19:31:05,0,6,0,1,0,1,0,3,0
"210",10,10,3,"kigtembu","https://twitter.com/kigtembu/status/1044309890553065472",2018-09-24 19:37:34,0,7,0,1,0,1,0,1,0
"211",11,21,17,"kigtembu","https://twitter.com/kigtembu/status/1047193584502525954",2018-10-02 18:36:21,0,7,0,1,1,1,1,1,9
"212",12,18,10,"kigtembu","https://twitter.com/kigtembu/status/1052197377505865728",2018-10-16 13:59:38,0,7,0,0,1,1,0,1,8
"213",13,22,11,"kigtembu","https://twitter.com/kigtembu/status/1057347836210302976",2018-10-30 19:05:43,0,14,0,0,1,1,0,1,5
"214",14,11,12,"kigtembu","https://twitter.com/kigtembu/status/1067480621306523648",2018-11-27 18:09:47,0,2,0,0,1,1,0,1,6
"215",15,14,14,"kigtembu","https://twitter.com/kigtembu/status/1082355212176814081",2019-01-07 19:16:06,0,3,0,1,2,1,0,1,6
"216",16,19,20,"kigtembu","https://twitter.com/kigtembu/status/1092846065412395008",2019-02-05 18:03:00,3,5,0,0,0,2,0,2,7
"217",17,15,11,"kigtembu","https://twitter.com/kigtembu/status/1102994926730727424",2019-03-05 18:10:57,0,6,0,0,0,1,0,1,7
"218",1,35,10,"Kuprinasha","https://twitter.com/Kuprinasha/status/1122572731885785088",2019-04-28 18:46:10,0,9,0,3,1,2,0,2,18
"219",2,36,37,"Kuprinasha","https://twitter.com/Kuprinasha/status/1153977519357345792",2019-07-24 10:37:35,0,14,0,4,2,2,0,1,13
"220",3,36,41,"Kuprinasha","https://twitter.com/Kuprinasha/status/1157999500390293504",2019-08-04 12:59:30,0,15,0,2,2,2,0,2,13
"221",4,15,14,"Kuprinasha","https://twitter.com/Kuprinasha/status/1162647680876781569",2019-08-17 08:49:42,0,10,0,0,0,2,0,3,0
"222",1,25,8,"LaineyJ262","https://twitter.com/LaineyJ262/status/1141785478670311424",2019-06-20 19:10:46,0,7,0,0,1,2,2,1,12
"223",1,23,23,"larrydag","https://twitter.com/larrydag/status/1113236512211132418",2019-04-03 00:27:22,0,9,0,1,0,2,1,3,7
"224",1,23,22,"lena2nguyen","https://twitter.com/lena2nguyen/status/1118161996116123648",2019-04-16 14:39:28,0,6,0,1,0,2,0,1,13
"225",1,63,2,"linterna","https://twitter.com/linterna/status/1057480974966104065",2018-10-31 03:54:46,1,39,1,4,1,5,0,6,6
"226",1,22,17,"liz_herdter","https://twitter.com/liz_herdter/status/1103038647266353155",2019-03-05 21:04:41,5,3,0,0,0,2,0,7,5
"227",1,63,1,"ludmila_janda","https://twitter.com/ludmila_janda/status/1118243180804284416",2019-04-16 20:02:04,1,39,1,4,1,5,0,6,6
"228",1,19,16,"magwanjiru","https://twitter.com/magwanjiru/status/1146525760825544708",2019-07-03 21:06:57,0,16,0,1,0,0,0,2,0
"229",1,101,40,"manginiflor","https://twitter.com/manginiflor/status/1129863328673730561",2019-05-18 21:36:24,2,52,2,5,1,4,1,6,28
"230",2,19,59,"manginiflor","https://twitter.com/manginiflor/status/1132871761836544002",2019-05-27 04:50:50,0,5,0,1,0,2,0,1,10
"231",1,27,13,"Mathl3t3","https://twitter.com/Mathl3t3/status/1118259809642409984",2019-04-16 21:08:09,0,13,0,0,1,2,0,2,9
"232",2,27,10,"Mathl3t3","https://twitter.com/Mathl3t3/status/1120903266693332993",2019-04-24 04:12:18,0,13,0,0,1,2,0,2,9
"233",1,33,90,"michaelpawlus","https://twitter.com/michaelpawlus/status/982264299862175747",2018-04-06 14:30:33,0,15,0,0,1,2,0,2,13
"234",1,67,6,"mjhendrickson","https://twitter.com/mjhendrickson/status/1061793701360529408",2018-11-12 01:32:00,0,25,0,3,1,4,0,4,30
"235",1,63,15,"nsgrantham","https://twitter.com/nsgrantham/status/989577519534755840",2018-04-26 18:50:40,1,39,1,4,1,5,0,6,6
"236",2,28,62,"nsgrantham","https://twitter.com/nsgrantham/status/1083061584014991362",2019-01-09 18:02:58,1,9,0,0,0,0,1,3,14
"237",3,37,36,"nsgrantham","https://twitter.com/nsgrantham/status/1143543953628659714",2019-06-25 15:38:19,0,27,1,1,1,3,1,2,1
"238",1,116,14,"OmniAnalytics","https://twitter.com/OmniAnalytics/status/1133408798423572481",2019-05-28 16:24:49,3,65,4,9,1,4,8,8,14
"239",1,44,10,"oranwutan","https://twitter.com/oranwutan/status/1122974061716439040",2019-04-29 21:20:54,0,18,0,1,0,2,0,1,22
"240",2,22,126,"oranwutan","https://twitter.com/oranwutan/status/1128643059116322817",2019-05-15 12:47:29,0,8,0,2,0,2,0,1,9
"241",1,22,10,"othomn","https://twitter.com/othomn/status/1005913260443553793",2018-06-10 20:43:04,0,11,0,0,1,2,0,3,5
"242",2,38,11,"othomn","https://twitter.com/othomn/status/1006668090678136842",2018-06-12 22:42:30,0,15,0,0,1,3,1,4,14
"243",3,81,1,"othomn","https://twitter.com/othomn/status/1007528539330088960",2018-06-15 07:41:37,0,47,2,4,0,6,7,7,8
"244",4,28,24,"othomn","https://twitter.com/othomn/status/1009500601674321923",2018-06-20 18:17:53,0,10,1,0,1,3,0,3,10
"245",5,25,10,"othomn","https://twitter.com/othomn/status/1031613330228760576",2018-08-20 18:45:59,0,11,1,0,1,1,0,3,8
"246",6,27,31,"othomn","https://twitter.com/othomn/status/1032998205804429312",2018-08-24 14:28:59,0,8,0,1,0,2,1,2,13
"247",7,31,68,"othomn","https://twitter.com/othomn/status/1039660896925245441",2018-09-11 23:44:08,0,6,0,0,2,3,0,3,17
"248",8,31,3,"othomn","https://twitter.com/othomn/status/1041444420120440832",2018-09-16 21:51:13,0,6,0,0,2,3,0,3,17
"249",9,31,13,"othomn","https://twitter.com/othomn/status/1043942368842592256",2018-09-23 19:17:10,0,9,0,0,2,4,2,3,11
"250",10,38,9,"othomn","https://twitter.com/othomn/status/1046030216223690752",2018-09-29 13:33:32,1,12,0,0,2,3,0,3,17
"251",11,20,19,"othomn","https://twitter.com/othomn/status/1047850874402430977",2018-10-04 14:08:11,0,4,0,1,2,3,0,3,7
"252",12,47,12,"othomn","https://twitter.com/othomn/status/1054825457756094464",2018-10-23 20:02:41,2,20,0,1,3,3,0,4,14
"253",13,23,11,"othomn","https://twitter.com/othomn/status/1061329527538925568",2018-11-10 18:47:32,1,5,0,0,2,3,0,3,9
"254",14,35,13,"othomn","https://twitter.com/othomn/status/1065382876689195008",2018-11-21 23:14:06,1,10,1,2,2,3,0,4,12
"255",15,35,24,"othomn","https://twitter.com/othomn/status/1065383804343369728",2018-11-21 23:17:47,1,10,1,2,2,3,0,4,12
"256",16,40,15,"othomn","https://twitter.com/othomn/status/1070832428460183552",2018-12-07 00:08:40,1,12,2,2,2,3,0,4,14
"257",17,37,24,"othomn","https://twitter.com/othomn/status/1075126059559989249",2018-12-18 20:30:02,0,9,0,0,3,3,1,3,18
"258",18,52,35,"othomn","https://twitter.com/othomn/status/1076150909527314434",2018-12-21 16:22:25,1,15,0,1,3,3,0,5,24
"259",19,34,77,"othomn","https://twitter.com/othomn/status/1091413719320547328",2019-02-01 19:11:22,1,7,0,1,3,3,1,3,15
"260",20,39,25,"othomn","https://twitter.com/othomn/status/1095507634097188865",2019-02-13 02:19:08,1,11,1,0,2,3,0,3,18
"261",21,109,27,"othomn","https://twitter.com/othomn/status/1118572259227181058",2019-04-17 17:49:43,2,40,2,3,4,5,5,5,43
"262",22,40,10,"othomn","https://twitter.com/othomn/status/1121742531061002241",2019-04-26 11:47:15,1,15,0,3,3,5,0,5,8
"263",23,53,14,"othomn","https://twitter.com/othomn/status/1123710085400813568",2019-05-01 22:05:36,0,28,2,1,2,4,1,3,12
"264",24,21,29,"othomn","https://twitter.com/othomn/status/1128426237834276865",2019-05-14 22:25:54,1,4,0,0,2,3,0,3,8
"265",25,35,17,"othomn","https://twitter.com/othomn/status/1131240439087083521",2019-05-22 16:48:32,1,7,2,0,2,3,0,4,16
"266",26,35,29,"othomn","https://twitter.com/othomn/status/1131552788968804352",2019-05-23 13:29:42,1,7,2,0,2,3,0,4,16
"267",27,40,74,"othomn","https://twitter.com/othomn/status/1133465460496850948",2019-05-28 20:09:59,1,9,1,1,2,3,1,4,18
"268",28,42,20,"othomn","https://twitter.com/othomn/status/1135999792876855296",2019-06-04 20:00:31,2,11,1,1,3,3,0,4,17
"269",29,35,7,"othomn","https://twitter.com/othomn/status/1138602042509971456",2019-06-12 00:20:55,1,7,0,1,3,4,0,5,14
"270",30,40,39,"othomn","https://twitter.com/othomn/status/1141072730852401153",2019-06-18 19:58:33,2,9,0,2,3,3,0,4,17
"271",31,37,48,"othomn","https://twitter.com/othomn/status/1143594348682121216",2019-06-25 18:58:34,1,8,0,0,3,4,0,4,17
"272",32,45,26,"othomn","https://twitter.com/othomn/status/1146176430939791360",2019-07-02 21:58:50,1,18,1,2,3,3,0,7,10
"273",33,37,56,"othomn","https://twitter.com/othomn/status/1151157560306745344",2019-07-16 15:52:04,2,12,0,1,2,3,0,4,13
"274",34,28,122,"othomn","https://twitter.com/othomn/status/1159110356867911680",2019-08-07 14:33:38,2,5,2,1,2,1,0,5,10
"275",35,34,21,"othomn","https://twitter.com/othomn/status/1163445900401872896",2019-08-19 13:41:33,1,19,1,2,1,3,0,3,4
"276",1,61,18,"pabrodez","https://twitter.com/pabrodez/status/1153042930535473157",2019-07-21 20:43:51,0,28,0,6,1,3,0,1,22
"277",2,61,9,"pabrodez","https://twitter.com/pabrodez/status/1157792090480418819",2019-08-03 23:15:19,0,28,0,6,1,3,0,1,22
"278",1,63,27,"philip_khor","https://twitter.com/philip_khor/status/985006914307158018",2018-04-14 04:08:43,1,39,1,4,1,5,0,6,6
"279",1,25,6,"phillynerd","https://twitter.com/phillynerd/status/1136640667478888448",2019-06-06 14:27:07,0,9,0,0,0,3,0,1,12
"280",1,21,30,"pipeflores97","https://twitter.com/pipeflores97/status/1019594178647470080",2018-07-18 14:46:09,0,10,0,0,1,1,0,1,8
"281",1,52,13,"quantum0fcosmos","https://twitter.com/quantum0fcosmos/status/1124546658346266624",2019-05-04 05:29:51,2,28,1,4,0,4,0,5,8
"282",1,21,30,"r0mymendez","https://twitter.com/r0mymendez/status/1126344810384719872",2019-05-09 04:35:03,0,6,0,0,1,3,0,1,10
"283",2,29,46,"r0mymendez","https://twitter.com/r0mymendez/status/1129798685582401536",2019-05-18 17:19:31,0,5,0,2,1,3,0,3,15
"284",3,102,96,"r0mymendez","https://twitter.com/r0mymendez/status/1147375032513044480",2019-07-06 05:21:39,2,45,0,4,1,5,2,11,32
"285",1,63,65,"R4DScommunity","https://twitter.com/R4DScommunity/status/985556103219081216",2018-04-15 16:31:00,1,39,1,4,1,5,0,6,6
"286",2,63,16,"R4DScommunity","https://twitter.com/R4DScommunity/status/986234851412951041",2018-04-17 13:28:06,1,39,1,4,1,5,0,6,6
"287",3,63,6,"R4DScommunity","https://twitter.com/R4DScommunity/status/987017181987827712",2018-04-19 17:16:48,1,39,1,4,1,5,0,6,6
"288",4,134,102,"R4DScommunity","https://twitter.com/R4DScommunity/status/996025095830294529",2018-05-14 13:51:02,2,81,1,8,4,7,4,8,19
"289",5,63,2,"R4DScommunity","https://twitter.com/R4DScommunity/status/1001499287249965056",2018-05-29 16:23:31,1,39,1,4,1,5,0,6,6
"290",6,63,11,"R4DScommunity","https://twitter.com/R4DScommunity/status/1114553504297885698",2019-04-06 15:40:37,1,39,1,4,1,5,0,6,6
"291",1,35,29,"RachelJPearson","https://twitter.com/RachelJPearson/status/1014037920200654848",2018-07-03 06:47:34,4,18,1,4,0,2,0,5,1
"292",2,35,34,"RachelJPearson","https://twitter.com/RachelJPearson/status/1027089115634909186",2018-08-08 07:08:22,4,18,1,4,0,2,0,5,1
"293",1,63,16,"rdelgadoCF","https://twitter.com/rdelgadoCF/status/1112758958371016709",2019-04-01 16:49:44,1,39,1,4,1,5,0,6,6
"294",1,63,7,"RLadiesAmes","https://twitter.com/RLadiesAmes/status/1091443622271168513",2019-02-01 21:10:12,1,39,1,4,1,5,0,6,6
"295",1,63,4,"rtse999","https://twitter.com/rtse999/status/1007599346580271106",2018-06-15 12:22:59,1,39,1,4,1,5,0,6,6
"296",1,19,14,"runjollyrun","https://twitter.com/runjollyrun/status/1118223546969460737",2019-04-16 18:44:03,0,3,0,1,2,1,0,1,11
"297",2,20,15,"runjollyrun","https://twitter.com/runjollyrun/status/1120749749571919872",2019-04-23 18:02:17,0,6,0,2,1,2,1,1,7
"298",3,18,75,"runjollyrun","https://twitter.com/runjollyrun/status/1129823055616909315",2019-05-18 18:56:22,0,12,0,3,0,1,0,1,1
"299",1,24,14,"Salt_Models","https://twitter.com/Salt_Models/status/1126861270731280384",2019-05-10 14:47:17,0,10,0,0,1,2,0,1,10
"300",2,49,21,"Salt_Models","https://twitter.com/Salt_Models/status/1129258787431301120",2019-05-17 05:34:10,5,23,0,0,0,1,1,7,12
"301",3,31,47,"Salt_Models","https://twitter.com/Salt_Models/status/1131026522821734401",2019-05-22 02:38:31,0,10,0,0,1,1,0,2,17
"302",4,37,27,"Salt_Models","https://twitter.com/Salt_Models/status/1133592962854637568",2019-05-29 04:36:38,0,21,0,0,1,2,0,3,10
"303",1,5,24,"sam_prohaska","https://twitter.com/sam_prohaska/status/1117993634262077441",2019-04-16 03:30:28,0,3,0,0,0,1,0,1,0
"304",1,32,15,"sastoudt","https://twitter.com/sastoudt/status/986457541763727361",2018-04-18 04:13:00,0,20,0,1,0,1,0,2,8
"305",2,29,34,"sastoudt","https://twitter.com/sastoudt/status/1068661786813988864",2018-12-01 00:23:19,2,13,0,2,0,0,0,3,9
"306",1,63,2,"sbtr11","https://twitter.com/sbtr11/status/1149243682022809600",2019-07-11 09:07:00,1,39,1,4,1,5,0,6,6
"307",1,6,13,"scrite_jones","https://twitter.com/scrite_jones/status/1039623828773601280",2018-09-11 21:16:50,1,3,0,0,0,1,0,1,0
"308",2,38,7,"scrite_jones","https://twitter.com/scrite_jones/status/1042870166411857920",2018-09-20 20:16:37,0,20,0,0,2,2,3,1,10
"309",1,117,20,"sil_aarts","https://twitter.com/sil_aarts/status/1100148228505296897",2019-02-25 21:39:12,2,48,0,3,2,3,1,7,51
"310",2,117,52,"sil_aarts","https://twitter.com/sil_aarts/status/1102951445479985152",2019-03-05 15:18:11,2,48,0,3,2,3,1,7,51
"311",3,34,73,"sil_aarts","https://twitter.com/sil_aarts/status/1104698411343855616",2019-03-10 11:00:00,8,9,0,0,0,2,0,6,9
"312",4,117,24,"sil_aarts","https://twitter.com/sil_aarts/status/1105230736330772480",2019-03-11 22:15:16,2,48,0,3,2,3,1,7,51
"313",5,117,24,"sil_aarts","https://twitter.com/sil_aarts/status/1107972495200669696",2019-03-19 11:50:02,2,48,0,3,2,3,1,7,51
"314",6,117,8,"sil_aarts","https://twitter.com/sil_aarts/status/1111993299072630784",2019-03-30 14:07:16,2,48,0,3,2,3,1,7,51
"315",7,117,62,"sil_aarts","https://twitter.com/sil_aarts/status/1115378423315214336",2019-04-08 22:18:33,2,48,0,3,2,3,1,7,51
"316",8,117,53,"sil_aarts","https://twitter.com/sil_aarts/status/1117896954585894912",2019-04-15 21:06:18,2,48,0,3,2,3,1,7,51
"317",9,117,41,"sil_aarts","https://twitter.com/sil_aarts/status/1138172740404465664",2019-06-10 19:55:02,2,48,0,3,2,3,1,7,51
"318",1,89,23,"SonGeo","https://twitter.com/SonGeo/status/981022819596124160",2018-04-03 04:17:21,1,37,4,8,2,4,3,7,23
"319",1,53,25,"srini_meen","https://twitter.com/srini_meen/status/1124523737607483392",2019-05-04 03:58:46,6,25,0,4,0,5,1,10,2
"320",1,51,2,"swmpkim","https://twitter.com/swmpkim/status/1029134090040233985",2018-08-13 22:34:22,0,19,0,3,1,2,0,1,25
"321",1,23,7,"T_Bobi","https://twitter.com/T_Bobi/status/995271377266597889",2018-05-12 11:56:02,0,7,0,1,0,1,1,3,10
"322",2,20,5,"T_Bobi","https://twitter.com/T_Bobi/status/996116558920536069",2018-05-14 19:54:29,0,8,0,0,0,1,0,1,10
"323",1,15,14,"tanyaneuro","https://twitter.com/tanyaneuro/status/1067622338131308544",2018-11-28 03:32:55,1,2,1,0,1,1,0,1,8
"324",2,16,7,"tanyaneuro","https://twitter.com/tanyaneuro/status/1085739739725135872",2019-01-17 03:25:00,1,6,0,0,0,1,0,1,7
"325",3,22,12,"tanyaneuro","https://twitter.com/tanyaneuro/status/1088277372724486144",2019-01-24 03:28:39,1,10,0,0,1,1,0,1,8
"326",4,20,14,"tanyaneuro","https://twitter.com/tanyaneuro/status/1090110707851513857",2019-01-29 04:53:40,1,7,0,0,2,1,0,1,8
"327",5,20,22,"tanyaneuro","https://twitter.com/tanyaneuro/status/1095506362270957568",2019-02-13 02:14:04,0,9,0,0,1,1,0,1,8
"328",6,40,9,"tanyaneuro","https://twitter.com/tanyaneuro/status/1097716121535479808",2019-02-19 04:34:52,1,16,0,1,3,2,0,3,14
"329",7,40,11,"tanyaneuro","https://twitter.com/tanyaneuro/status/1098070143823949824",2019-02-20 04:01:38,1,16,0,1,3,2,0,3,14
"330",1,63,219,"thomas_mock","https://twitter.com/thomas_mock/status/980921600429252608",2018-04-02 21:35:08,1,39,1,4,1,5,0,6,6
"331",2,63,17,"thomas_mock","https://twitter.com/thomas_mock/status/981897894163877888",2018-04-05 14:14:35,1,39,1,4,1,5,0,6,6
"332",3,63,153,"thomas_mock","https://twitter.com/thomas_mock/status/983330650257272832",2018-04-09 13:07:51,1,39,1,4,1,5,0,6,6
"333",4,22,0,"thomas_mock","https://twitter.com/thomas_mock/status/987370036884058113",2018-04-20 16:38:55,0,17,0,0,2,1,0,2,0
"334",5,63,0,"thomas_mock","https://twitter.com/thomas_mock/status/1026847207666933761",2018-08-07 15:07:06,1,39,1,4,1,5,0,6,6
"335",6,122,63,"thomas_mock","https://twitter.com/thomas_mock/status/1069602761682096128",2018-12-03 14:42:25,4,71,2,8,1,12,6,8,10
"336",7,63,200,"thomas_mock","https://twitter.com/thomas_mock/status/1086384608420216832",2019-01-18 22:07:29,1,39,1,4,1,5,0,6,6
"337",8,63,3,"thomas_mock","https://twitter.com/thomas_mock/status/1095351918266859520",2019-02-12 16:00:22,1,39,1,4,1,5,0,6,6
"338",9,37,85,"thomas_mock","https://twitter.com/thomas_mock/status/1115984094943432704",2019-04-10 14:25:16,0,15,1,0,1,3,0,1,16
"339",10,63,14,"thomas_mock","https://twitter.com/thomas_mock/status/1141438260876652544",2019-06-19 20:11:02,1,39,1,4,1,5,0,6,6
"340",11,63,82,"thomas_mock","https://twitter.com/thomas_mock/status/1143175380959973377",2019-06-24 15:13:44,1,39,1,4,1,5,0,6,6
"341",12,63,3,"thomas_mock","https://twitter.com/thomas_mock/status/1146219333351288832",2019-07-03 00:49:19,1,39,1,4,1,5,0,6,6
"342",1,27,4,"trevin_flick","https://twitter.com/trevin_flick/status/1044996935185297409",2018-09-26 17:07:39,0,12,0,1,1,1,0,1,11
"343",2,34,12,"trevin_flick","https://twitter.com/trevin_flick/status/1048286175520325632",2018-10-05 18:57:55,0,20,0,1,0,2,0,1,10
"344",3,23,24,"trevin_flick","https://twitter.com/trevin_flick/status/1049777089136742400",2018-10-09 21:42:16,0,13,0,0,0,1,0,1,8
"345",4,16,7,"trevin_flick","https://twitter.com/trevin_flick/status/1052238779728228357",2018-10-16 16:44:09,0,5,0,1,0,1,0,1,8
"346",5,16,15,"trevin_flick","https://twitter.com/trevin_flick/status/1067599756640292864",2018-11-28 02:03:11,0,4,0,2,0,1,0,1,8
"347",6,17,14,"trevin_flick","https://twitter.com/trevin_flick/status/1080663540124581889",2019-01-03 03:14:00,0,7,0,2,0,1,0,1,6
"348",7,21,13,"trevin_flick","https://twitter.com/trevin_flick/status/1082791056226299905",2019-01-09 00:07:59,0,10,0,3,0,1,0,1,6
"349",8,14,82,"trevin_flick","https://twitter.com/trevin_flick/status/1090439856210264064",2019-01-30 02:41:35,0,5,1,0,0,1,0,2,5
"350",1,63,5,"veerlevanson","https://twitter.com/veerlevanson/status/1115248999982870530",2019-04-08 13:44:16,1,39,1,4,1,5,0,6,6
"351",1,104,31,"W_R_Chase","https://twitter.com/W_R_Chase/status/1098603505106014211",2019-02-21 15:21:01,1,43,0,8,2,7,0,5,38
"352",2,104,31,"W_R_Chase","https://twitter.com/W_R_Chase/status/1103072640128958464",2019-03-05 23:19:46,1,43,0,8,2,7,0,5,38
"353",1,63,9,"WeAreRLadies","https://twitter.com/WeAreRLadies/status/1149260526368804867",2019-07-11 10:13:56,1,39,1,4,1,5,0,6,6
"354",1,15,19,"webb_dallin","https://twitter.com/webb_dallin/status/1093278274711564289",2019-02-06 22:40:27,0,6,0,1,0,1,0,1,6
"355",1,63,55,"WireMonkey","https://twitter.com/WireMonkey/status/981639213186678784",2018-04-04 21:06:41,1,39,1,4,1,5,0,6,6
"356",2,27,32,"WireMonkey","https://twitter.com/WireMonkey/status/1006985086192021505",2018-06-13 19:42:08,0,13,0,1,0,0,0,1,12
"357",1,28,9,"ysamano28","https://twitter.com/ysamano28/status/999166598580666369",2018-05-23 05:54:15,0,11,0,1,2,1,0,1,12
"358",2,27,16,"ysamano28","https://twitter.com/ysamano28/status/1002703601398099968",2018-06-02 00:09:02,0,10,0,1,2,1,0,1,12
"359",3,37,12,"ysamano28","https://twitter.com/ysamano28/status/1004586403764822016",2018-06-07 04:50:37,0,14,0,2,3,3,0,2,13
"360",4,9,13,"ysamano28","https://twitter.com/ysamano28/status/1006590789135273984",2018-06-12 17:35:20,0,0,0,0,1,1,0,1,6
"361",5,23,62,"ysamano28","https://twitter.com/ysamano28/status/1009574987332837377",2018-06-20 23:13:28,0,7,0,0,2,1,0,1,12
"362",6,20,22,"ysamano28","https://twitter.com/ysamano28/status/1011765496142794754",2018-06-27 00:17:46,0,8,0,0,1,1,0,1,9
"363",7,22,18,"ysamano28","https://twitter.com/ysamano28/status/1014692648320462848",2018-07-05 02:09:14,0,4,0,0,2,1,0,1,14
"364",1,63,21,"zoedottxt","https://twitter.com/zoedottxt/status/1118176193042317312",2019-04-16 15:35:53,1,39,1,4,1,5,0,6,6
